id;titulo;temas;fontes;divisao-administrativa;descricao_do_conjunto_de_dados;tipos;descricao_do_tipo_de_arquivo;nome_arquivo;data_ref;data_lancamento
1;Dados da Divisão Territorial e Demografia do Brasil no geral, das Grandes Regiões, e Unidades de Federação;Divisão Territorial#Demografia;Centro de Estudos da Metrópole;Pais#Grandes Regiões#Unidades da Federação;Dados da Divisão Territorial e Demografia do Brasil no geral, das Grandes Regiões, e Unidades de Federação;Dados;Dados Regiões e Estados#Dicionário Brasil;DataBrasil08.xls#DicBras08im.pdf;;2008-01-01
2;Dados da Divisão Territorial e Demografia das Regiões Metropolitanas do Brasil;Divisão Territorial#Demografia;Centro de Estudos da Metrópole;Regiões Metropolitanas;Dados da Divisão Territorial e Demografia das Regiões Metropolitanas do Brasil;Dados;Dados das 36 RMs#Dicionário das 36 RMs;DataRmBr08.xls#DicRm08im.pdf;;2008-01-01
3;Dados da Divisão Territorial e Demografia da RM Aracaju;Divisão Territorial#Demografia;Centro de Estudos da Metrópole;Regiões Metropolitanas#RM Aracaju;Dados da Divisão Territorial e Demografia da RM Aracaju;Dados;Dados da RM Aracaju#Dicionário;DataMunARA.xls#DicRMSP08im.pdf;;2008-01-01
4;Dados da Divisão Territorial e Demografia da RM Baixada Santista ;Divisão Territorial#Demografia;Centro de Estudos da Metrópole;Regiões Metropolitanas#RM Baixada Santista ;Dados da Divisão Territorial e Demografia da RM Baixada Santista ;Dados;Dados da RM Baixada Santista#Dicionário;DataMunBXS.xls#DicRMSP08im.pdf;;2008-01-01
5;Dados da Divisão Territorial e Demografia da RM Belém;Divisão Territorial#Demografia;Centro de Estudos da Metrópole;Regiões Metropolitanas#RM Belém;Dados da Divisão Territorial e Demografia da RM Belém;Dados;Dados da RM Belém#Dicionário;DataMunBEL.xls#DicRMSP08im.pdf;;2008-01-01
6;Dados da Divisão Territorial e Demografia da RM Belo Horizonte;Divisão Territorial#Demografia;Centro de Estudos da Metrópole;Regiões Metropolitanas#RM Belo Horizonte;Dados da Divisão Territorial e Demografia da RM Belo Horizonte;Dados;Dados da RM Belo Horizonte#Dicionário;DataMunBHZ.xls#DicRMSP08im.pdf;;2008-01-01
7;Dados da Divisão Territorial e Demografia da RM Campinas;Divisão Territorial#Demografia;Centro de Estudos da Metrópole;Regiões Metropolitanas#RM Campinas;Dados da Divisão Territorial e Demografia da RM Campinas;Dados;Dados da RM Campinas#Dicionário;DataMunCAM.xls#DicRMSP08im.pdf;;2008-01-01
8;Dados da Divisão Territorial e Demografia da RM Carbonífera;Divisão Territorial#Demografia;Centro de Estudos da Metrópole;Regiões Metropolitanas#RM Carbonífera;Dados da Divisão Territorial e Demografia da RM Carbonífera;Dados;Dados da RM Carbonífera#Dicionário;DataMunCAR.xls#DicRMSP08im.pdf;;2008-01-01
9;Dados da Divisão Territorial e Demografia da RM Cuiabá-Várzea Grande;Divisão Territorial#Demografia;Centro de Estudos da Metrópole;Regiões Metropolitanas#RM Cuiabá-Várzea Grande;Dados da Divisão Territorial e Demografia da RM Cuiabá-Várzea Grande;Dados;Dados AU Cuiabá-Várzea Grande#Dicionário;DataMunCVG.xls#DicRMSP08im.pdf;;2008-01-01
10;Dados da Divisão Territorial e Demografia da RM Curitiba;Divisão Territorial#Demografia;Centro de Estudos da Metrópole;Regiões Metropolitanas#RM Curitiba;Dados da Divisão Territorial e Demografia da RM Curitiba;Dados;Dados da RM Curitiba#Dicionário;DataMunCUR.xls#DicRMSP08im.pdf;;2008-01-01
11;Dados da Divisão Territorial e Demografia da RM DF e entorno;Divisão Territorial#Demografia;Centro de Estudos da Metrópole;Regiões Metropolitanas#RM DF e entorno;Dados da Divisão Territorial e Demografia da RM DF e entorno;Dados;Dados da RIDE DF e Entorno#Dicionário;DataMunDFE.xls#DicRMSP08im.pdf;;2008-01-01
12;Dados da Divisão Territorial e Demografia da RM Florianópolis;Divisão Territorial#Demografia;Centro de Estudos da Metrópole;Regiões Metropolitanas#RM Florianópolis;Dados da Divisão Territorial e Demografia da RM Florianópolis;Dados;Dados da RM Florianópolis#Dicionário;DataMunFLO.xls#DicRMSP08im.pdf;;2008-01-01
13;Dados da Divisão Territorial e Demografia da RM Fortaleza;Divisão Territorial#Demografia;Centro de Estudos da Metrópole;Regiões Metropolitanas#RM Fortaleza;Dados da Divisão Territorial e Demografia da RM Fortaleza;Dados;Dados da RM Fortaleza#Dicionário;DataMunFOR.xls#DicRMSP08im.pdf;;2008-01-01
14;Dados da Divisão Territorial e Demografia da RM Foz do Itajaí;Divisão Territorial#Demografia;Centro de Estudos da Metrópole;Regiões Metropolitanas#RM Foz do Itajaí;Dados da Divisão Territorial e Demografia da RM Foz do Itajaí;Dados;Dados da RM Foz do Rio Itajaí#Dicionário;DataMunFRI.xls#DicRMSP08im.pdf;;2008-01-01
15;Dados da Divisão Territorial e Demografia da RM Goiânia;Divisão Territorial#Demografia;Centro de Estudos da Metrópole;Regiões Metropolitanas#RM Goiânia;Dados da Divisão Territorial e Demografia da RM Goiânia;Dados;Dados da RM Goiânia#Dicionário;DataMunGOI.xls#DicRMSP08im.pdf;;2008-01-01
16;Dados da Divisão Territorial e Demografia da RM João Pessoa;Divisão Territorial#Demografia;Centro de Estudos da Metrópole;Regiões Metropolitanas#RM João Pessoa;Dados da Divisão Territorial e Demografia da RM João Pessoa;Dados;Dados da RM João Pessoa#Dicionário;DataMunJPS.xls#DicRMSP08im.pdf;;2008-01-01
17;Dados da Divisão Territorial e Demografia da RM Litoral Norte RS;Divisão Territorial#Demografia;Centro de Estudos da Metrópole;Regiões Metropolitanas#RM Litoral Norte RS;Dados da Divisão Territorial e Demografia da RM Litoral Norte RS;Dados;Dados da AU Litoral Norte (RS)#Dicionário;DataMunLIN.xls#DicRMSP08im.pdf;;2008-01-01
18;Dados da Divisão Territorial e Demografia da RM Londrina;Divisão Territorial#Demografia;Centro de Estudos da Metrópole;Regiões Metropolitanas#RM Londrina;Dados da Divisão Territorial e Demografia da RM Londrina;Dados;Dados da RM Londrina#Dicionário;DataMunLON.xls#DicRMSP08im.pdf;;2008-01-01
19;Dados da Divisão Territorial e Demografia da RM Macapá;Divisão Territorial#Demografia;Centro de Estudos da Metrópole;Regiões Metropolitanas#RM Macapá;Dados da Divisão Territorial e Demografia da RM Macapá;Dados;Dados da RM Macapá#Dicionário;DataMunMCP.xls#DicRMSP08im.pdf;;2008-01-01
20;Dados da Divisão Territorial e Demografia da RM Maceió;Divisão Territorial#Demografia;Centro de Estudos da Metrópole;Regiões Metropolitanas#RM Maceió;Dados da Divisão Territorial e Demografia da RM Maceió;Dados;Dados da RM Maceió#Dicionário;DataMunMCE.xls#DicRMSP08im.pdf;;2008-01-01
21;Dados da Divisão Territorial e Demografia da RM Manaus;Divisão Territorial#Demografia;Centro de Estudos da Metrópole;Regiões Metropolitanas#RM Manaus;Dados da Divisão Territorial e Demografia da RM Manaus;Dados;Dados da RM Manaus#Dicionário;DataMunMAN.xls#DicRMSP08im.pdf;;2008-01-01
22;Dados da Divisão Territorial e Demografia da RM Maringá;Divisão Territorial#Demografia;Centro de Estudos da Metrópole;Regiões Metropolitanas#RM Maringá;Dados da Divisão Territorial e Demografia da RM Maringá;Dados;Dados da RM Maringá#Dicionário;DataMunMAR.xls#DicRMSP08im.pdf;;2008-01-01
23;Dados da Divisão Territorial e Demografia da RM Natal;Divisão Territorial#Demografia;Centro de Estudos da Metrópole;Regiões Metropolitanas#RM Natal;Dados da Divisão Territorial e Demografia da RM Natal;Dados;Dados da RM Natal#Dicionário;DataMunNAT.xls#DicRMSP08im.pdf;;2008-01-01
24;Dados da Divisão Territorial e Demografia da RM Nordeste RS;Divisão Territorial#Demografia;Centro de Estudos da Metrópole;Regiões Metropolitanas#RM Nordeste RS;Dados da Divisão Territorial e Demografia da RM Nordeste RS;Dados;Dados da AU Nordeste (RS)#Dicionário;DataMunNRS.xls#DicRMSP08im.pdf;;2008-01-01
25;Dados da Divisão Territorial e Demografia da RM N/NE Catarinense;Divisão Territorial#Demografia;Centro de Estudos da Metrópole;Regiões Metropolitanas#RM N/NE Catarinense;Dados da Divisão Territorial e Demografia da RM N/NE Catarinense;Dados;Dados RM N/NE Catarinense#Dicionário;DataMunNNC.xls#DicRMSP08im.pdf;;2008-01-01
26;Dados da Divisão Territorial e Demografia da RM Petrolina e Juazeiro;Divisão Territorial#Demografia;Centro de Estudos da Metrópole;Regiões Metropolitanas#RM Petrolina e Juazeiro;Dados da Divisão Territorial e Demografia da RM Petrolina e Juazeiro;Dados;Dados RIDE Petrolina e Juazeiro#Dicionário;DataMunPEJ.xls#DicRMSP08im.pdf;;2008-01-01
27;Dados da Divisão Territorial e Demografia da RM Porto Alegre;Divisão Territorial#Demografia;Centro de Estudos da Metrópole;Regiões Metropolitanas#RM Porto Alegre;Dados da Divisão Territorial e Demografia da RM Porto Alegre;Dados;Dados da RM Porto Alegre#Dicionário;DataMunPOA.xls#DicRMSP08im.pdf;;2008-01-01
28;Dados da Divisão Territorial e Demografia da RM Recife;Divisão Territorial#Demografia;Centro de Estudos da Metrópole;Regiões Metropolitanas#RM Recife;Dados da Divisão Territorial e Demografia da RM Recife;Dados;Dados da RM Recife#Dicionário;DataMunREC.xls#DicRMSP08im.pdf;;2008-01-01
29;Dados da Divisão Territorial e Demografia da RM Rio de Janeiro;Divisão Territorial#Demografia;Centro de Estudos da Metrópole;Regiões Metropolitanas#RM Rio de Janeiro;Dados da Divisão Territorial e Demografia da RM Rio de Janeiro;Dados;Dados da RM Rio de Janeiro#Dicionário;DataMunRIO.xls#DicRMSP08im.pdf;;2008-01-01
30;Dados da Divisão Territorial e Demografia da RM Salvador;Divisão Territorial#Demografia;Centro de Estudos da Metrópole;Regiões Metropolitanas#RM Salvador;Dados da Divisão Territorial e Demografia da RM Salvador;Dados;Dados da RM Salvador#Dicionário;DataMunSSA.xls#DicRMSP08im.pdf;;2008-01-01
31;Dados da Divisão Territorial e Demografia da RM São Luís;Divisão Territorial#Demografia;Centro de Estudos da Metrópole;Regiões Metropolitanas#RM São Luís;Dados da Divisão Territorial e Demografia da RM São Luís;Dados;Dados da RM São Luís#Dicionário;DataMunSLU.xls#DicRMSP08im.pdf;;2008-01-01
32;Dados da Divisão Territorial e Demografia da RM São Paulo;Divisão Territorial#Demografia;Centro de Estudos da Metrópole;Regiões Metropolitanas#RM São Paulo;Dados da Divisão Territorial e Demografia da RM São Paulo;Dados;Dados da RM São Paulo#Dicionário;DataMunSAO.xls#DicRMSP08im.pdf;;2008-01-01
33;Dados da Divisão Territorial e Demografia da RM Sul RS;Divisão Territorial#Demografia;Centro de Estudos da Metrópole;Regiões Metropolitanas#RM Sul RS;Dados da Divisão Territorial e Demografia da RM Sul RS;Dados;Dados da AU Sul (RS)#Dicionário;DataMunSRS.xls#DicRMSP08im.pdf;;2008-01-01
34;Dados da Divisão Territorial e Demografia da RM Teresina;Divisão Territorial#Demografia;Centro de Estudos da Metrópole;Regiões Metropolitanas#RM Teresina;Dados da Divisão Territorial e Demografia da RM Teresina;Dados;Dados da RIDE Teresina#Dicionário;DataMunTER.xls#DicRMSP08im.pdf;;2008-01-01
35;Dados da Divisão Territorial e Demografia da RM Tubarão;Divisão Territorial#Demografia;Centro de Estudos da Metrópole;Regiões Metropolitanas#RM Tubarão;Dados da Divisão Territorial e Demografia da RM Tubarão;Dados;Dados da RM Tubarão#Dicionário;DataMunTUB.xls#DicRMSP08im.pdf;;2008-01-01
36;Dados da Divisão Territorial e Demografia da RM Vale do Aço;Divisão Territorial#Demografia;Centro de Estudos da Metrópole;Regiões Metropolitanas#RM Vale do Aço;Dados da Divisão Territorial e Demografia da RM Vale do Aço;Dados;Dados da RM Vale do Aço#Dicionário;DataMunVLA.xls#DicRMSP08im.pdf;;2008-01-01
37;Dados da Divisão Territorial e Demografia da RM Vale do Itajaí;Divisão Territorial#Demografia;Centro de Estudos da Metrópole;Regiões Metropolitanas#RM Vale do Itajaí;Dados da Divisão Territorial e Demografia da RM Vale do Itajaí;Dados;Dados da RM Vale do Itajaí#Dicionário;DataMunVLI.xls#DicRMSP08im.pdf;;2008-01-01
38;Dados da Divisão Territorial e Demografia da RM Vitória;Divisão Territorial#Demografia;Centro de Estudos da Metrópole;Regiões Metropolitanas#RM Vitória;Dados da Divisão Territorial e Demografia da RM Vitória;Dados;Dados da RM Vitória#Dicionário;DataMunVIT.xls#DicRMSP08im.pdf;;2008-01-01
39;Dados da Divisão Territorial e Demografia dos Municípios da Região Metropolitana de São Paulo;Divisão Territorial#Demografia;Centro de Estudos da Metrópole;Regiões Metropolitanas#RM São Paulo;Dados da Divisão Territorial e Demografia dos Municípios da Região Metropolitana de São Paulo;Dados;Dados RMSP - Municípios#Dicionário RMSP;DataRMSPmunic.xls#DicRMSP08im.pdf;;2008-01-01
40;Dados da Divisão Territorial e Demografia das subprefeituras do Município de São Paulo;Divisão Territorial#Demografia;Centro de Estudos da Metrópole;Regiões Metropolitanas#RM São Paulo#Municípios de São Paulo#São Paulo;Dados da Divisão Territorial e Demografia das subprefeituras do Município de São Paulo;Dados;Dados Subpref - Município SP#Dicionário RMSP;DataRMSPsubprSAO.xls#DicRMSP08im.pdf;;2008-01-01
41;Dados da Divisão Territorial e Demografia dos distritos da Região Metropolitana de São Paulo;Divisão Territorial#Demografia;Centro de Estudos da Metrópole;Regiões Metropolitanas#RM São Paulo;Dados da Divisão Territorial e Demografia dos distritos da Região Metropolitana de São Paulo;Dados;Dados Distritos - RMSP#Dicionário RMSP;DataRMSPdistr.xls#DicRMSP08im.pdf;;2008-01-01
42;Contorno do território do Brasil;Divisão Territorial;Centro de Estudos da Metrópole;Pais;Mapa do Contorno do território do Brasil;Mapa (imagem);Contorno do território brasileiro sem divisões internas (Mudo);BrasDT1.jpg;;2008-01-01
43;Contorno do território brasileiro sem divisões internas;Divisão Territorial;Centro de Estudos da Metrópole;Pais;Mapa do Contorno do território brasileiro sem divisões internas;Mapa (imagem);Contorno do território brasileiro sem divisões internas (Mudo);BrasDT2.jpg;;2008-01-01
44;Contorno do território brasileiro com divisões internas;Divisão Territorial;Centro de Estudos da Metrópole;Pais#Unidades da Federação;Mapa do Contorno do território brasileiro com as unidades da federação;Mapa (imagem);Contorno do território brasileiro com as unidades da federação (Mudo);BrasDT3.jpg;;2008-01-01
45;Divisão Territorial do Brasil em grandes regiões;Divisão Territorial;Centro de Estudos da Metrópole;Pais#Grandes Regiões#Unidades da Federação;Mapa da Divisão Territorial do Brasil em grandes regiões;Mapa (imagem);Divisão do Brasil em grandes regiões (Mudo)#Divisão do Brasil em grandes regiões e unidades de federação (Mudo)#Divisão do Brasil em grandes regiões ( inclui rotulação das regiões)#Divisão do Brasil em grandes regiões e UFs ( inclui rotulação das regiões)#Dados Regiões e Estados#Dicionário Brasil;BrReDT1.jpg#BrReDT2.jpg#BrReDT3.jpg#BrReDT4.jpg#DataBrasil08.xls#DicBras08im.pdf;;2008-01-01
46;Divisão Territorial do Brasil em Unidades da Federação;Divisão Territorial;Centro de Estudos da Metrópole;Pais#Unidades da Federação;Mapas da Divisão territorial do Brasil em Unidades da Federação;Mapa (imagem);Unidades da Federação (Mudo)#Unidades da Federação com rotulação (inclui legenda)#Unidades da Federação (rotuladação numérica)#Unidades da Federação com rotulação (inclui legenda)#Unidades da Federação com rotulação curta (sem legenda)#Unidades da Federação com rotulação longa (sem legenda)#Dados Regiões e Estados#Dicionário Brasil;BrEsDT1.jpg#BrEsDT2.jpg#BrEsDT3.jpg#BrEsDT4.jpg#BrEsDT5.jpg#BrEsDT6.jpg#DataBrasil08.xls#DicBras08im.pdf;;2008-01-01
47;Divisão Territorial do Brasil em Regiões Metropolitanas;Divisão Territorial;Centro de Estudos da Metrópole;Pais#Regiões Metropolitanas;Mapas da Divisão Territorial do Brasil em regiões metropolitanas;Mapa (imagem);Regiões Metropolitanas#Regiões Metropolitanas#Regiões Metropolitanas#Regiões Metropolitanas#Regiões Metropolitanas#Regiões Metropolitanas#Dados Regiões e Estados#Dicionário Brasil;BrRmDT1.jpg#BrRmDT2.jpg#BrRmDT3.jpg#BrRmDT4.jpg#BrRmDT5.jpg#BrRmDT6.jpg#DataBrasil08.xls#DicBras08im.pdf;;2008-01-01
48;Divisão Territorial da RM Aracaju;Divisão Territorial;Centro de Estudos da Metrópole;Regiões Metropolitanas#RM Aracaju;Mapa da Divisão Territorial da RM Aracaju;Mapa (imagem);Divisão municipal em 2007 (mudo)#Municípios (identificados)#Sedes e limites municipais em 2007#Dados da Região Metropolitana#Dados das 36 RMs#Dicionário das 36 RMs;RMaraDT1.jpg#RMaraDT2.jpg#RMaraDT3.jpg#DataMunARA.xls#DataRmBr08.xls#DicRm08im.pdf;2007;2008-01-01
49;Divisão Territorial da RM Baixada Santista ;Divisão Territorial;Centro de Estudos da Metrópole;Regiões Metropolitanas#RM Baixada Santista;Mapa da Divisão Territorial da RM Baixada Santista ;Mapa (imagem);Divisão municipal em 2007 (mudo)#Municípios (identificados)#Sedes e limites municipais em 2007#Dados da Região Metropolitana#Dados das 36 RMs#Dicionário das 36 RMs;RMbxsDT1.jpg#RMbxsDT2.jpg#RMbxsDT3.jpg#DataMunBXS.xls#DataRmBr08.xls#DicRm08im.pdf;2007;2008-01-01
50;Divisão Territorial da RM Belém;Divisão Territorial;Centro de Estudos da Metrópole;Regiões Metropolitanas#RM Belém;Mapa da Divisão Territorial da RM Belém;Mapa (imagem);Divisão municipal em 2007 (mudo)#Municípios (identificados)#Sedes e limites municipais em 2007#Dados da Região Metropolitana#Dados das 36 RMs#Dicionário das 36 RMs;RMbelDT1.jpg#RMbelDT2.jpg#RMbelDT3.jpg#DataMunBEL.xls#DataRmBr08.xls#DicRm08im.pdf;2007;2008-01-01
51;Divisão Territorial da RM Belo Horizonte;Divisão Territorial;Centro de Estudos da Metrópole;Regiões Metropolitanas#RM Belo Horizonte;Mapa da Divisão Territorial da RM Belo Horizonte;Mapa (imagem);Divisão municipal em 2007 (mudo)#Municípios (identificados)#Sedes e limites municipais em 2007#Dados da Região Metropolitana#Dados das 36 RMs#Dicionário das 36 RMs;RMbhzDT1.jpg#RMbhzDT2.jpg#RMbhzDT3.jpg#DataMunBHZ.xls#DataRmBr08.xls#DicRm08im.pdf;2007;2008-01-01
52;Divisão Territorial da RM Campinas;Divisão Territorial;Centro de Estudos da Metrópole;Regiões Metropolitanas#RM Campinas;Mapa da Divisão Territorial da RM Campinas;Mapa (imagem);Divisão municipal em 2007 (mudo)#Municípios (identificados)#Sedes e limites municipais em 2007#Dados da Região Metropolitana#Dados das 36 RMs#Dicionário das 36 RMs;RMcamDT1.jpg#RMcamDT2.jpg#RMcamDT3.jpg#DataMunCAM.xls#DataRmBr08.xls#DicRm08im.pdf;2007;2008-01-01
53;Divisão Territorial da RM Carbonífera;Divisão Territorial;Centro de Estudos da Metrópole;Regiões Metropolitanas#RM Carbonífera;Mapa da Divisão Territorial da RM Carbonífera;Mapa (imagem);Divisão municipal em 2007 (mudo)#Municípios (identificados)#Sedes e limites municipais em 2007#Dados da Região Metropolitana#Dados das 36 RMs#Dicionário das 36 RMs;RMcarDT1.jpg#RMcarDT2.jpg#RMcarDT3.jpg#DataMunCAR.xls#DataRmBr08.xls#DicRm08im.pdf;2007;2008-01-01
54;Divisão Territorial da RM Cuiabá-Várzea Grande;Divisão Territorial;Centro de Estudos da Metrópole;Regiões Metropolitanas#RM Cuiabá-Várzea Grande;Mapa da Divisão Territorial da RM Cuiabá-Várzea Grande;Mapa (imagem);Divisão municipal em 2007 (mudo)#Municípios (identificados)#Sedes e limites municipais em 2007#Dados da Região Metropolitana#Dados das 36 RMs#Dicionário das 36 RMs;RMcvgDT1.jpg#RMcvgDT2.jpg#RMcvgDT3.jpg#DataMunCVG.xls#DataRmBr08.xls#DicRm08im.pdf;2007;2008-01-01
55;Divisão Territorial da RM Curitiba;Divisão Territorial;Centro de Estudos da Metrópole;Regiões Metropolitanas#RM Curitiba;Mapa da Divisão Territorial da RM Curitiba;Mapa (imagem);Divisão municipal em 2007 (mudo)#Municípios (identificados)#Sedes e limites municipais em 2007#Dados da Região Metropolitana#Dados das 36 RMs#Dicionário das 36 RMs;RMcurDT1.jpg#RMcurDT2.jpg#RMcurDT3.jpg#DataMunCUR.xls#DataRmBr08.xls#DicRm08im.pdf;2007;2008-01-01
56;Divisão Territorial da RM DF e entorno;Divisão Territorial;Centro de Estudos da Metrópole;Regiões Metropolitanas#RM DF e entorno;Mapa da Divisão Territorial da RM DF e entorno;Mapa (imagem);Divisão municipal em 2007 (mudo)#Municípios (identificados)#Sedes e limites municipais em 2007#Dados da Região Metropolitana#Dados das 36 RMs#Dicionário das 36 RMs;RMdfeDT1.jpg#RMdfeDT2.jpg#RMdfeDT3.jpg#DataMunDFE.xls#DataRmBr08.xls#DicRm08im.pdf;2007;2008-01-01
57;Divisão Territorial da RM Florianópolis;Divisão Territorial;Centro de Estudos da Metrópole;Regiões Metropolitanas#RM Florianópolis;Mapa da Divisão Territorial da RM Florianópolis;Mapa (imagem);Divisão municipal em 2007 (mudo)#Municípios (identificados)#Sedes e limites municipais em 2007#Dados da Região Metropolitana#Dados das 36 RMs#Dicionário das 36 RMs;RMfloDT1.jpg#RMfloDT2.jpg#RMfloDT3.jpg#DataMunFLO.xls#DataRmBr08.xls#DicRm08im.pdf;2007;2008-01-01
58;Divisão Territorial da RM Fortaleza;Divisão Territorial;Centro de Estudos da Metrópole;Regiões Metropolitanas#RM Fortaleza;Mapa da Divisão Territorial da RM Fortaleza;Mapa (imagem);Divisão municipal em 2007 (mudo)#Municípios (identificados)#Sedes e limites municipais em 2007#Dados da Região Metropolitana#Dados das 36 RMs#Dicionário das 36 RMs;RMforDT1.jpg#RMforDT2.jpg#RMforDT3.jpg#DataMunFOR.xls#DataRmBr08.xls#DicRm08im.pdf;2007;2008-01-01
59;Divisão Territorial da RM Foz do Itajaí;Divisão Territorial;Centro de Estudos da Metrópole;Regiões Metropolitanas#RM Foz do Itajaí;Mapa da Divisão Territorial da RM Foz do Itajaí;Mapa (imagem);Divisão municipal em 2007 (mudo)#Municípios (identificados)#Sedes e limites municipais em 2007#Dados da Região Metropolitana#Dados das 36 RMs#Dicionário das 36 RMs;RMfriDT1.jpg#RMfriDT2.jpg#RMfriDT3.jpg#DataMunFRI.xls#DataRmBr08.xls#DicRm08im.pdf;2007;2008-01-01
60;Divisão Territorial da RM Goiânia;Divisão Territorial;Centro de Estudos da Metrópole;Regiões Metropolitanas#RM Goiânia;Mapa da Divisão Territorial da RM Goiânia;Mapa (imagem);Divisão municipal em 2007 (mudo)#Municípios (identificados)#Sedes e limites municipais em 2007#Dados da Região Metropolitana#Dados das 36 RMs#Dicionário das 36 RMs;RMgoiDT1.jpg#RMgoiDT2.jpg#RMgoiDT3.jpg#DataMunGOI.xls#DataRmBr08.xls#DicRm08im.pdf;2007;2008-01-01
61;Divisão Territorial da RM João Pessoa;Divisão Territorial;Centro de Estudos da Metrópole;Regiões Metropolitanas#RM João Pessoa;Mapa da Divisão Territorial da RM João Pessoa;Mapa (imagem);Divisão municipal em 2007 (mudo)#Municípios (identificados)#Sedes e limites municipais em 2007#Dados da Região Metropolitana#Dados das 36 RMs#Dicionário das 36 RMs;RMjpsDT1.jpg#RMjpsDT2.jpg#RMjpsDT3.jpg#DataMunJPS.xls#DataRmBr08.xls#DicRm08im.pdf;2007;2008-01-01
62;Divisão Territorial da RM Litoral Norte RS;Divisão Territorial;Centro de Estudos da Metrópole;Regiões Metropolitanas#RM Litoral Norte RS;Mapa da Divisão Territorial da RM Litoral Norte RS;Mapa (imagem);Divisão municipal em 2007 (mudo)#Municípios (identificados)#Sedes e limites municipais em 2007#Dados da Região Metropolitana#Dados das 36 RMs#Dicionário das 36 RMs;RMlinDT1.jpg#RMlinDT2.jpg#RMlinDT3.jpg#DataMunLIN.xls#DataRmBr08.xls#DicRm08im.pdf;2007;2008-01-01
63;Divisão Territorial da RM Londrina;Divisão Territorial;Centro de Estudos da Metrópole;Regiões Metropolitanas#RM Londrina;Mapa da Divisão Territorial da RM Londrina;Mapa (imagem);Divisão municipal em 2007 (mudo)#Municípios (identificados)#Sedes e limites municipais em 2007#Dados da Região Metropolitana#Dados das 36 RMs#Dicionário das 36 RMs;RMlonDT1.jpg#RMlonDT2.jpg#RMlonDT3.jpg#DataMunLON.xls#DataRmBr08.xls#DicRm08im.pdf;2007;2008-01-01
64;Divisão Territorial da RM Macapá;Divisão Territorial;Centro de Estudos da Metrópole;Regiões Metropolitanas#RM Macapá;Mapa da Divisão Territorial da RM Macapá;Mapa (imagem);Divisão municipal em 2007 (mudo)#Municípios (identificados)#Sedes e limites municipais em 2008#Dados da Região Metropolitana#Dados das 36 RMs#Dicionário das 36 RMs;RMmcpDT1.jpg#RMmcpDT2.jpg#RMmcpDT3.jpg#DataMunMCP.xls#DataRmBr08.xls#DicRm08im.pdf;2007;2008-01-01
65;Divisão Territorial da RM Maceió;Divisão Territorial;Centro de Estudos da Metrópole;Regiões Metropolitanas#RM Maceió;Mapa da Divisão Territorial da RM Maceió;Mapa (imagem);Divisão municipal em 2007 (mudo)#Municípios (identificados)#Sedes e limites municipais em 2009#Dados da Região Metropolitana#Dados das 36 RMs#Dicionário das 36 RMs;RMmceDT1.jpg#RMmceDT2.jpg#RMmceDT3.jpg#DataMunMCE.xls#DataRmBr08.xls#DicRm08im.pdf;2007;2008-01-01
66;Divisão Territorial da RM Manaus;Divisão Territorial;Centro de Estudos da Metrópole;Regiões Metropolitanas#RM Manaus;Mapa da Divisão Territorial da RM Manaus;Mapa (imagem);Divisão municipal em 2007 (mudo)#Municípios (identificados)#Sedes e limites municipais em 2010#Dados da Região Metropolitana#Dados das 36 RMs#Dicionário das 36 RMs;RMmanDT1.jpg#RMmanDT2.jpg#RMmanDT3.jpg#DataMunMAN.xls#DataRmBr08.xls#DicRm08im.pdf;2007;2008-01-01
67;Divisão Territorial da RM Maringá;Divisão Territorial;Centro de Estudos da Metrópole;Regiões Metropolitanas#RM Maringá;Mapa da Divisão Territorial da RM Maringá;Mapa (imagem);Divisão municipal em 2007 (mudo)#Municípios (identificados)#Sedes e limites municipais em 2011#Dados da Região Metropolitana#Dados das 36 RMs#Dicionário das 36 RMs;RMmarDT1.jpg#RMmarDT2.jpg#RMmarDT3.jpg#DataMunMAR.xls#DataRmBr08.xls#DicRm08im.pdf;2007;2008-01-01
68;Divisão Territorial da RM Natal;Divisão Territorial;Centro de Estudos da Metrópole;Regiões Metropolitanas#RM Natal;Mapa da Divisão Territorial da RM Natal;Mapa (imagem);Divisão municipal em 2007 (mudo)#Municípios (identificados)#Sedes e limites municipais em 2008#Dados da Região Metropolitana#Dados das 36 RMs#Dicionário das 36 RMs;RMnatDT1.jpg#RMnatDT2.jpg#RMnatDT3.jpg#DataMunNAT.xls#DataRmBr08.xls#DicRm08im.pdf;2007;2008-01-01
69;Divisão Territorial da RM Nordeste RS;Divisão Territorial;Centro de Estudos da Metrópole;Regiões Metropolitanas#RM Nordeste RS;Mapa da Divisão Territorial da RM Nordeste RS;Mapa (imagem);Divisão municipal em 2007 (mudo)#Municípios (identificados)#Sedes e limites municipais em 2009#Dados da Região Metropolitana#Dados das 36 RMs#Dicionário das 36 RMs;RMnrsDT1.jpg#RMnrsDT2.jpg#RMnrsDT3.jpg#DataMunNRS.xls#DataRmBr08.xls#DicRm08im.pdf;2007;2008-01-01
70;Divisão Territorial da RM N/NE Catarinense;Divisão Territorial;Centro de Estudos da Metrópole;Regiões Metropolitanas#RM N/NE Catarinense;Mapa da Divisão Territorial da RM N/NE Catarinense;Mapa (imagem);Divisão municipal em 2007 (mudo)#Municípios (identificados)#Sedes e limites municipais em 2010#Dados da Região Metropolitana#Dados das 36 RMs#Dicionário das 36 RMs;RMnncDT1.jpg#RMnncDT2.jpg#RMnncDT3.jpg#DataMunNNC.xls#DataRmBr08.xls#DicRm08im.pdf;2007;2008-01-01
71;Divisão Territorial da RM Petrolina e Juazeiro;Divisão Territorial;Centro de Estudos da Metrópole;Regiões Metropolitanas#RM Petrolina e Juazeiro;Mapa da Divisão Territorial da RM Petrolina e Juazeiro;Mapa (imagem);Divisão municipal em 2007 (mudo)#Municípios (identificados)#Sedes e limites municipais em 2011#Dados da Região Metropolitana#Dados das 36 RMs#Dicionário das 36 RMs;RMpejDT1.jpg#RMpejDT2.jpg#RMpejDT3.jpg#DataMunPEJ.xls#DataRmBr08.xls#DicRm08im.pdf;2007;2008-01-01
72;Divisão Territorial da RM Porto Alegre;Divisão Territorial;Centro de Estudos da Metrópole;Regiões Metropolitanas#RM Porto Alegre;Mapa da Divisão Territorial da RM Porto Alegre;Mapa (imagem);Divisão municipal em 2007 (mudo)#Municípios (identificados)#Sedes e limites municipais em 2008#Dados da Região Metropolitana#Dados das 36 RMs#Dicionário das 36 RMs;RMpoaDT1.jpg#RMpoaDT2.jpg#RMpoaDT3.jpg#DataMunPOA.xls#DataRmBr08.xls#DicRm08im.pdf;2007;2008-01-01
73;Divisão Territorial da RM Recife;Divisão Territorial;Centro de Estudos da Metrópole;Regiões Metropolitanas#RM Recife;Mapa da Divisão Territorial da RM Recife;Mapa (imagem);Divisão municipal em 2007 (mudo)#Municípios (identificados)#Sedes e limites municipais em 2009#Dados da Região Metropolitana#Dados das 36 RMs#Dicionário das 36 RMs;RMrecDT1.jpg#RMrecDT2.jpg#RMrecDT3.jpg#DataMunREC.xls#DataRmBr08.xls#DicRm08im.pdf;2007;2008-01-01
74;Divisão Territorial da RM Rio de Janeiro;Divisão Territorial;Centro de Estudos da Metrópole;Regiões Metropolitanas#RM Rio de Janeiro;Mapa da Divisão Territorial da RM Rio de Janeiro;Mapa (imagem);Divisão municipal em 2007 (mudo)#Municípios (identificados)#Sedes e limites municipais em 2010#Dados da Região Metropolitana#Dados das 36 RMs#Dicionário das 36 RMs;RMrioDT1.jpg#RMrioDT2.jpg#RMrioDT3.jpg#DataMunRIO.xls#DataRmBr08.xls#DicRm08im.pdf;2007;2008-01-01
75;Divisão Territorial da RM Salvador;Divisão Territorial;Centro de Estudos da Metrópole;Regiões Metropolitanas#RM Salvador;Mapa da Divisão Territorial da RM Salvador;Mapa (imagem);Divisão municipal em 2007 (mudo)#Municípios (identificados)#Sedes e limites municipais em 2011#Dados da Região Metropolitana#Dados das 36 RMs#Dicionário das 36 RMs;RMssaDT1.jpg#RMssaDT2.jpg#RMssaDT3.jpg#DataMunSSA.xls#DataRmBr08.xls#DicRm08im.pdf;2007;2008-01-01
76;Divisão Territorial da RM São Luís;Divisão Territorial;Centro de Estudos da Metrópole;Regiões Metropolitanas#RM São Luís;Mapa da Divisão Territorial da RM São Luís;Mapa (imagem);Divisão municipal em 2007 (mudo)#Municípios (identificados)#Sedes e limites municipais em 2012#Dados da Região Metropolitana#Dados das 36 RMs#Dicionário das 36 RMs;RMsluDT1.jpg#RMsluDT2.jpg#RMsluDT3.jpg#DataMunSLU.xls#DataRmBr08.xls#DicRm08im.pdf;2007;2008-01-01
77;Divisão Territorial da RM São Paulo;Divisão Territorial;Centro de Estudos da Metrópole;Regiões Metropolitanas#RM São Paulo;Mapa da Divisão Territorial da RM São Paulo;Mapa (imagem);Divisão municipal em 2007 (mudo)#Municípios (identificados)#Sedes e limites municipais em 2008#Dados da Região Metropolitana#Dados das 36 RMs#Dicionário das 36 RMs;RMsaoDT1.jpg#RMsaoDT2.jpg#RMsaoDT3.jpg#DataMunSAO.xls#DataRmBr08.xls#DicRm08im.pdf;2007;2008-01-01
78;Divisão Territorial da RM Sul RS;Divisão Territorial;Centro de Estudos da Metrópole;Regiões Metropolitanas#RM Sul RS;Mapa da Divisão Territorial da RM Sul RS;Mapa (imagem);Divisão municipal em 2007 (mudo)#Municípios (identificados)#Sedes e limites municipais em 2009#Dados da Região Metropolitana#Dados das 36 RMs#Dicionário das 36 RMs;RMsrsDT1.jpg#RMsrsDT2.jpg#RMsrsDT3.jpg#DataMunSRS.xls#DataRmBr08.xls#DicRm08im.pdf;2007;2008-01-01
79;Divisão Territorial da RM Teresina;Divisão Territorial;Centro de Estudos da Metrópole;Regiões Metropolitanas#RM Teresina;Mapa da Divisão Territorial da RM Teresina;Mapa (imagem);Divisão municipal em 2007 (mudo)#Municípios (identificados)#Sedes e limites municipais em 2010#Dados da Região Metropolitana#Dados das 36 RMs#Dicionário das 36 RMs;RMterDT1.jpg#RMterDT2.jpg#RMterDT3.jpg#DataMunTER.xls#DataRmBr08.xls#DicRm08im.pdf;2007;2008-01-01
80;Divisão Territorial da RM Tubarão;Divisão Territorial;Centro de Estudos da Metrópole;Regiões Metropolitanas#RM Tubarão;Mapa da Divisão Territorial da RM Tubarão;Mapa (imagem);Divisão municipal em 2007 (mudo)#Municípios (identificados)#Sedes e limites municipais em 2011#Dados da Região Metropolitana#Dados das 36 RMs#Dicionário das 36 RMs;RMtubDT1.jpg#RMtubDT2.jpg#RMtubDT3.jpg#DataMunTUB.xls#DataRmBr08.xls#DicRm08im.pdf;2007;2008-01-01
81;Divisão Territorial da RM Vale do Aço;Divisão Territorial;Centro de Estudos da Metrópole;Regiões Metropolitanas#RM Vale do Aço;Mapa da Divisão Territorial da RM Vale do Aço;Mapa (imagem);Divisão municipal em 2007 (mudo)#Municípios (identificados)#Sedes e limites municipais em 2012#Dados da Região Metropolitana#Dados das 36 RMs#Dicionário das 36 RMs;RMvlaDT1.jpg#RMvlaDT2.jpg#RMvlaDT3.jpg#DataMunVLA.xls#DataRmBr08.xls#DicRm08im.pdf;2007;2008-01-01
82;Divisão Territorial da RM Vale do Itajaí;Divisão Territorial;Centro de Estudos da Metrópole;Regiões Metropolitanas#RM Vale do Itajaí;Mapa da Divisão Territorial da RM Vale do Itajaí;Mapa (imagem);Divisão municipal em 2007 (mudo)#Municípios (identificados)#Sedes e limites municipais em 2008#Dados da Região Metropolitana#Dados das 36 RMs#Dicionário das 36 RMs;RMvliDT1.jpg#RMvliDT2.jpg#RMvliDT3.jpg#DataMunVLI.xls#DataRmBr08.xls#DicRm08im.pdf;2007;2008-01-01
83;Divisão Territorial da RM Vitória;Divisão Territorial;Centro de Estudos da Metrópole;Regiões Metropolitanas#RM Vitória;Mapa da Divisão Territorial da RM Vitória;Mapa (imagem);Divisão municipal em 2007 (mudo)#Municípios (identificados)#Sedes e limites municipais em 2009#Dados da Região Metropolitana#Dados das 36 RMs#Dicionário das 36 RMs;RMvitDT1.jpg#RMvitDT2.jpg#RMvitDT3.jpg#DataMunVIT.xls#DataRmBr08.xls#DicRm08im.pdf;2007;2008-01-01
84;Demografia da RM Aracaju;Divisão Territorial;Centro de Estudos da Metrópole;Regiões Metropolitanas#RM Aracaju;Demografia da RM Aracaju;Mapa (imagem);População total 2007 - Municípios#Densidade Demográfica 2007 - Municípios#Crescimento Demográfico 2000/2007 - Municípios#Dados da RM Aracaju#Dados das 36 RMs#Dicionário das 36 RMs;RMaraDT1.jpg#RMaraDT2.jpg#RMaraDT3.jpg#DataMunARA.xls#DataRmBr08.xls#DicRm08im.pdf;2007;2008-01-01
85;Demografia da RM Baixada Santista ;Divisão Territorial;Centro de Estudos da Metrópole;Regiões Metropolitanas#RM Baixada Santista;Demografia da RM Baixada Santista ;Mapa (imagem);População total 2007 - Municípios#Densidade Demográfica 2007 - Municípios#Crescimento Demográfico 2000/2007 - Municípios#Dados da RM Baixada Santista #Dados das 36 RMs#Dicionário das 36 RMs;RMbxsDT1.jpg#RMbxsDT2.jpg#RMbxsDT3.jpg#DataMunBXS.xls#DataRmBr08.xls#DicRm08im.pdf;2007;2008-01-01
86;Demografia da RM Belém;Divisão Territorial;Centro de Estudos da Metrópole;Regiões Metropolitanas#RM Belém;Demografia da RM Belém;Mapa (imagem);População total 2007 - Municípios#Densidade Demográfica 2007 - Municípios#Crescimento Demográfico 2000/2007 - Municípios#Dados da RM Belém#Dados das 36 RMs#Dicionário das 36 RMs;RMbelDT1.jpg#RMbelDT2.jpg#RMbelDT3.jpg#DataMunBEL.xls#DataRmBr08.xls#DicRm08im.pdf;2007;2008-01-01
87;Demografia da RM Belo Horizonte;Divisão Territorial;Centro de Estudos da Metrópole;Regiões Metropolitanas#RM Belo Horizonte;Demografia da RM Belo Horizonte;Mapa (imagem);População total 2007 - Municípios#Densidade Demográfica 2007 - Municípios#Dados da Região Metropolitana#Dados das 36 RMs#Dicionário das 36 RMs#Dicionário das 36 RMs;RMbhzDT1.jpg#RMbhzDT2.jpg#DataMunBHZ.xls#DataRmBr08.xls#DicRm08im.pdf#DicRm08im.pdf;2007;2008-01-01
88;Demografia da RM Campinas;Divisão Territorial;Centro de Estudos da Metrópole;Regiões Metropolitanas#RM Campinas;Demografia da RM Campinas;Mapa (imagem);População total 2007 - Municípios#Densidade Demográfica 2007 - Municípios#Crescimento Demográfico 2000/2007 - Municípios#Dados da Região Metropolitana#Dados das 36 RMs#Dicionário das 36 RMs;RMcamDT1.jpg#RMcamDT2.jpg#RMcamDT3.jpg#DataMunCAM.xls#DataRmBr08.xls#DicRm08im.pdf;2007;2008-01-01
89;Demografia da RM Carbonífera;Demografia;Centro de Estudos da Metrópole;Regiões Metropolitanas#RM Carbonífera;Demografia da RM Carbonífera;Mapa (imagem);População total 2007 - Municípios#Densidade Demográfica 2007 - Municípios#Crescimento Demográfico 2000/2007 - Municípios#Dados da Região Metropolitana#Dados das 36 RMs#Dicionário das 36 RMs;RMcarDT1.jpg#RMcarDT2.jpg#RMcarDT3.jpg#DataMunCAR.xls#DataRmBr08.xls#DicRm08im.pdf;2007;2008-01-01
90;Demografia da RM Cuiabá-Várzea Grande;Divisão Territorial;Centro de Estudos da Metrópole;Regiões Metropolitanas#RM Cuiabá-Várzea Grande;Demografia da RM Cuiabá-Várzea Grande;Mapa (imagem);População total 2007 - Municípios#Densidade Demográfica 2007 - Municípios#Crescimento Demográfico 2000/2007 - Municípios#Dados da Região Metropolitana#Dados das 36 RMs#Dicionário das 36 RMs;RMcvgDe1.jpg#RMcvgDe2.jpg#RMcvgDe3.jpg#DataMunCVG.xls#DataRmBr08.xls#DicRm08im.pdf;2007;2008-01-01
91;Demografia da RM Curitiba;Divisão Territorial;Centro de Estudos da Metrópole;Regiões Metropolitanas#RM Curitiba;Demografia da RM Curitiba;Mapa (imagem);População total 2007 - Municípios#Densidade Demográfica 2007 - Municípios#Crescimento Demográfico 2000/2007 - Municípios#Dados da Região Metropolitana#Dados das 36 RMs#Dicionário das 36 RMs;RMcurDe1.jpg#RMcurDe2.jpg#RMcurDe3.jpg#DataMunCUR.xls#DataRmBr08.xls#DicRm08im.pdf;2007;2008-01-01
92;Demografia da RM DF e entorno;Divisão Territorial;Centro de Estudos da Metrópole;Regiões Metropolitanas#RM DF e entorno;Demografia da RM DF e entorno;Mapa (imagem);População total 2007 - Municípios#Densidade Demográfica 2007 - Municípios#Crescimento Demográfico 2000/2007 - Municípios#Dados da Região Metropolitana#Dados das 36 RMs#Dicionário das 36 RMs;RMdfeDe1.jpg#RMdfeDe2.jpg#RMdfeDe3.jpg#DataMunDFE.xls#DataRmBr08.xls#DicRm08im.pdf;2007;2008-01-01
93;Demografia da RM Florianópolis;Divisão Territorial;Centro de Estudos da Metrópole;Regiões Metropolitanas#RM Florianópolis;Demografia da RM Florianópolis;Mapa (imagem);População total 2007 - Municípios#Densidade Demográfica 2007 - Municípios#Crescimento Demográfico 2000/2007 - Municípios#Dados da Região Metropolitana#Dados das 36 RMs#Dicionário das 36 RMs;RMfloDe1.jpg#RMfloDe2.jpg#RMfloDe3.jpg#DataMunFLO.xls#DataRmBr08.xls#DicRm08im.pdf;2007;2008-01-01
94;Demografia da RM Fortaleza;Divisão Territorial;Centro de Estudos da Metrópole;Regiões Metropolitanas#RM Fortaleza;Demografia da RM Fortaleza;Mapa (imagem);População total 2007 - Municípios#Densidade Demográfica 2007 - Municípios#Crescimento Demográfico 2000/2007 - Municípios#Dados da Região Metropolitana#Dados das 36 RMs#Dicionário das 36 RMs;RMforDe1.jpg#RMforDe2.jpg#DataRmBr08.xls#DicRm08im.pdf#DataRmBr08.xls#DicRm08im.pdf;2007;2008-01-01
95;Demografia da RM Foz do Itajaí;Divisão Territorial;Centro de Estudos da Metrópole;Regiões Metropolitanas#RM Foz do Itajaí;Demografia da RM Foz do Itajaí;Mapa (imagem);População total 2007 - Municípios#Densidade Demográfica 2007 - Municípios#Crescimento Demográfico 2000/2007 - Municípios#Dados da Região Metropolitana#Dados das 36 RMs#Dicionário das 36 RMs;RMfriDe1.jpg#RMfriDe2.jpg#RMfriDe3.jpg#DataMunFRI.xls#DataRmBr08.xls#DicRm08im.pdf;2007;2008-01-01
96;Demografia da RM Goiânia;Divisão Territorial;Centro de Estudos da Metrópole;Regiões Metropolitanas#RM Goiânia;Demografia da RM Goiânia;Mapa (imagem);População total 2007 - Municípios#Densidade Demográfica 2007 - Municípios#Crescimento Demográfico 2000/2007 - Municípios#Dados da Região Metropolitana#Dados das 36 RMs#Dicionário das 36 RMs;RMgoiDe1.jpg#RMgoiDe2.jpg#RMgoiDe3.jpg#DataMunGOI.xls#DataRmBr08.xls#DicRm08im.pdf;2007;2008-01-01
97;Demografia da RM João Pessoa;Divisão Territorial;Centro de Estudos da Metrópole;Regiões Metropolitanas#RM João Pessoa;Demografia da RM João Pessoa;Mapa (imagem);População total 2007 - Municípios#Densidade Demográfica 2007 - Municípios#Crescimento Demográfico 2000/2007 - Municípios#Dados da Região Metropolitana#Dados das 36 RMs#Dicionário das 36 RMs;RMjpsDe1.jpg#RMjpsDe2.jpg#RMjpsDe3.jpg#DataMunJPS.xls#DataRmBr08.xls#DicRm08im.pdf;2007;2008-01-01
98;Demografia da RM Litoral Norte RS;Divisão Territorial;Centro de Estudos da Metrópole;Regiões Metropolitanas#RM Litoral Norte RS;Demografia da RM Litoral Norte RS;Mapa (imagem);População total 2007 - Municípios#Densidade Demográfica 2007 - Municípios#Crescimento Demográfico 2000/2007 - Municípios#Dados da Região Metropolitana#Dados das 36 RMs#Dicionário das 36 RMs;RMlinDe1.jpg#RMlinDe2.jpg#RMlinDe3.jpg#DataMunLIN.xls#DataRmBr08.xls#DicRm08im.pdf;2007;2008-01-01
99;Demografia da RM Londrina;Divisão Territorial;Centro de Estudos da Metrópole;Regiões Metropolitanas#RM Londrina;Demografia da RM Londrina;Mapa (imagem);População total 2007 - Municípios#Densidade Demográfica 2007 - Municípios#Crescimento Demográfico 2000/2007 - Municípios#Dados da Região Metropolitana#Dados das 36 RMs#Dicionário das 36 RMs;RMlonDe1.jpg#RMlonDe2.jpg#RMlonDe3.jpg#DataMunLON.xls#DataRmBr08.xls#DicRm08im.pdf;2007;2008-01-01
100;Demografia da RM Macapá;Divisão Territorial;Centro de Estudos da Metrópole;Regiões Metropolitanas#RM Macapá;Demografia da RM Macapá;Mapa (imagem);População total 2007 - Municípios#Densidade Demográfica 2007 - Municípios#Crescimento Demográfico 2000/2007 - Municípios#Dados da Região Metropolitana#Dados das 36 RMs#Dicionário das 36 RMs;RMmcpDe1.jpg#RMmcpDe2.jpg#RMmcpDe3.jpg#DataMunMCP.xls#DataRmBr08.xls#DicRm08im.pdf;2007;2008-01-01
101;Demografia da RM Maceió;Divisão Territorial;Centro de Estudos da Metrópole;Regiões Metropolitanas#RM Maceió;Demografia da RM Maceió;Mapa (imagem);População total 2007 - Municípios#Densidade Demográfica 2007 - Municípios#Crescimento Demográfico 2000/2007 - Municípios#Dados da Região Metropolitana#Dados das 36 RMs#Dicionário das 36 RMs;RMmceDe1.jpg#RMmceDe2.jpg#RMmceDe3.jpg#DataMunMCE.xls#DataRmBr08.xls#DicRm08im.pdf;2007;2008-01-01
102;Demografia da RM Manaus;Divisão Territorial;Centro de Estudos da Metrópole;Regiões Metropolitanas#RM Manaus;Demografia da RM Manaus;Mapa (imagem);População total 2007 - Municípios#Densidade Demográfica 2007 - Municípios#Crescimento Demográfico 2000/2007 - Municípios#Dados da Região Metropolitana#Dados das 36 RMs#Dicionário das 36 RMs;RMmanDe1.jpg#RMmanDe2.jpg#RMmanDe3.jpg#DataMunMAN.xls#DataRmBr08.xls#DicRm08im.pdf;2007;2008-01-01
103;Demografia da RM Maringá;Divisão Territorial;Centro de Estudos da Metrópole;Regiões Metropolitanas#RM Maringá;Demografia da RM Maringá;Mapa (imagem);População total 2007 - Municípios#Densidade Demográfica 2007 - Municípios#Crescimento Demográfico 2000/2007 - Municípios#Dados da Região Metropolitana#Dados das 36 RMs#Dicionário das 36 RMs;RMmarDe1.jpg#RMmarDe2.jpg#RMmarDe3.jpg#DataMunMAR.xls#DataRmBr08.xls#DicRm08im.pdf;2007;2008-01-01
104;Demografia da RM Natal;Divisão Territorial;Centro de Estudos da Metrópole;Regiões Metropolitanas#RM Natal;Demografia da RM Natal;Mapa (imagem);População total 2007 - Municípios#Densidade Demográfica 2007 - Municípios#Crescimento Demográfico 2000/2007 - Municípios#Dados da Região Metropolitana#Dados das 36 RMs#Dicionário das 36 RMs;RMnatDe1.jpg#RMnatDe2.jpg#RMnatDe3.jpg#DataMunNAT.xls#DataRmBr08.xls#DicRm08im.pdf;2007;2008-01-01
105;Demografia da RM Nordeste RS;Divisão Territorial;Centro de Estudos da Metrópole;Regiões Metropolitanas#RM Nordeste RS;Demografia da RM Nordeste RS;Mapa (imagem);População total 2007 - Municípios#Densidade Demográfica 2007 - Municípios#Crescimento Demográfico 2000/2007 - Municípios#Dados da Região Metropolitana#Dados das 36 RMs#Dicionário das 36 RMs;RMnrsDe1.jpg#RMnrsDe2.jpg#RMnrsDe3.jpg#DataMunNRS.xls#DataRmBr08.xls#DicRm08im.pdf;2007;2008-01-01
106;Demografia da RM N/NE Catarinense;Divisão Territorial;Centro de Estudos da Metrópole;Regiões Metropolitanas#RM N/NE Catarinense;Demografia da RM N/NE Catarinense;Mapa (imagem);População total 2007 - Municípios#Densidade Demográfica 2007 - Municípios#Crescimento Demográfico 2000/2007 - Municípios#Dados da Região Metropolitana#Dados das 36 RMs#Dicionário das 36 RMs;RMnncDe1.jpg#RMnncDe2.jpg#RMnncDe3.jpg#DataMunNNC.xls#DataRmBr08.xls#DicRm08im.pdf;2007;2008-01-01
107;Demografia da RM Petrolina e Juazeiro;Divisão Territorial;Centro de Estudos da Metrópole;Regiões Metropolitanas#RM Petrolina e Juazeiro;Demografia da RM Petrolina e Juazeiro;Mapa (imagem);População total 2007 - Municípios#Densidade Demográfica 2007 - Municípios#Crescimento Demográfico 2000/2007 - Municípios#Dados da Região Metropolitana#Dados das 36 RMs#Dicionário das 36 RMs;RMpejDe1.jpg#RMpejDe2.jpg#RMpejDe3.jpg#DataMunPEJ.xls#DataRmBr08.xls#DicRm08im.pdf;2007;2008-01-01
108;Demografia da RM Porto Alegre;Divisão Territorial;Centro de Estudos da Metrópole;Regiões Metropolitanas#RM Porto Alegre;Demografia da RM Porto Alegre;Mapa (imagem);População total 2007 - Municípios#Densidade Demográfica 2007 - Municípios#Crescimento Demográfico 2000/2007 - Municípios#Dados da Região Metropolitana#Dados das 36 RMs#Dicionário das 36 RMs;RMpoaDe1.jpg#RMpoaDe2.jpg#RMpoaDe3.jpg#DataMunPOA.xls#DataRmBr08.xls#DicRm08im.pdf;2007;2008-01-01
109;Demografia da RM Recife;Divisão Territorial;Centro de Estudos da Metrópole;Regiões Metropolitanas#RM Recife;Demografia da RM Recife;Mapa (imagem);População total 2007 - Municípios#Densidade Demográfica 2007 - Municípios#Crescimento Demográfico 2000/2007 - Municípios#Dados da Região Metropolitana#Dados das 36 RMs#Dicionário das 36 RMs;RMrecDe1.jpg#RMrecDe2.jpg#RMrecDe3.jpg#DataMunREC.xls#DataRmBr08.xls#DicRm08im.pdf;2007;2008-01-01
110;Demografia da RM Rio de Janeiro;Divisão Territorial;Centro de Estudos da Metrópole;Regiões Metropolitanas#RM Rio de Janeiro;Demografia da RM Rio de Janeiro;Mapa (imagem);População total 2007 - Municípios#Densidade Demográfica 2007 - Municípios#Crescimento Demográfico 2000/2007 - Municípios#Dados da Região Metropolitana#Dados das 36 RMs#Dicionário das 36 RMs;RMrioDe1.jpg#RMrioDe2.jpg#RMrioDe3.jpg#DataMunRIO.xls#DataRmBr08.xls#DicRm08im.pdf;2007;2008-01-01
111;Demografia da RM Salvador;Divisão Territorial;Centro de Estudos da Metrópole;Regiões Metropolitanas#RM Salvador;Demografia da RM Salvador;Mapa (imagem);População total 2007 - Municípios#Densidade Demográfica 2007 - Municípios#Crescimento Demográfico 2000/2007 - Municípios#Dados da Região Metropolitana#Dados das 36 RMs#Dicionário das 36 RMs;RMssaDe1.jpg#RMssaDe2.jpg#RMssaDe3.jpg#DataMunSSA.xls#DataRmBr08.xls#DicRm08im.pdf;2007;2008-01-01
112;Demografia da RM São Luís;Divisão Territorial;Centro de Estudos da Metrópole;Regiões Metropolitanas#RM São Luís;Demografia da RM São Luís;Mapa (imagem);População total 2007 - Municípios#Densidade Demográfica 2007 - Municípios#Crescimento Demográfico 2000/2007 - Municípios#Dados da Região Metropolitana#Dados das 36 RMs#Dicionário das 36 RMs;RMsluDe1.jpg#RMsluDe2.jpg#RMsluDe3.jpg#DataMunSLU.xls#DataRmBr08.xls#DicRm08im.pdf;2007;2008-01-01
113;Demografia da RM São Paulo;Divisão Territorial;Centro de Estudos da Metrópole;Regiões Metropolitanas#RM São Paulo;Demografia da RM São Paulo;Mapa (imagem);População total 2007 - Municípios#Densidade Demográfica 2007 - Municípios#Crescimento Demográfico 2000/2007 - Municípios#Dados da Região Metropolitana#Dados das 36 RMs#Dicionário das 36 RMs;RMsaoDe1.jpg#RMsaoDe2.jpg#RMsaoDe3.jpg#DataMunSAO.xls#DataRmBr08.xls#DicRm08im.pdf;2007;2008-01-01
114;Demografia da RM Sul RS;Divisão Territorial;Centro de Estudos da Metrópole;Regiões Metropolitanas#RM Sul RS;Demografia da RM Sul RS;Mapa (imagem);População total 2007 - Municípios#Densidade Demográfica 2007 - Municípios#Crescimento Demográfico 2000/2007 - Municípios#Dados da Região Metropolitana#Dados das 36 RMs#Dicionário das 36 RMs;RMsrsDe1.jpg#RMsrsDe2.jpg#RMsrsDe3.jpg#DataMunSRS.xls#DataRmBr08.xls#DicRm08im.pdf;2007;2008-01-01
115;Demografia da RM Teresina;Divisão Territorial;Centro de Estudos da Metrópole;Regiões Metropolitanas#RM Teresina;Demografia da RM Teresina;Mapa (imagem);População total 2007 - Municípios#Densidade Demográfica 2007 - Municípios#Crescimento Demográfico 2000/2007 - Municípios#Dados da Região Metropolitana#Dados das 36 RMs#Dicionário das 36 RMs;RMterDe1.jpg#RMterDe2.jpg#RMterDe3.jpg#DataMunTER.xls#DataRmBr08.xls#DicRm08im.pdf;2007;2008-01-01
116;Demografia da RM Tubarão;Divisão Territorial;Centro de Estudos da Metrópole;Regiões Metropolitanas#RM Tubarão;Demografia da RM Tubarão;Mapa (imagem);População total 2007 - Municípios#Densidade Demográfica 2007 - Municípios#Crescimento Demográfico 2000/2007 - Municípios#Dados da Região Metropolitana#Dados das 36 RMs#Dicionário das 36 RMs;RMtubDe1.jpg#RMtubDe2.jpg#RMtubDe3.jpg#DataMunTUB.xls#DataRmBr08.xls#DicRm08im.pdf;2007;2008-01-01
117;Demografia da RM Vale do Aço;Divisão Territorial;Centro de Estudos da Metrópole;Regiões Metropolitanas#RM Vale do Aço;Demografia da RM Vale do Aço;Mapa (imagem);População total 2007 - Municípios#Densidade Demográfica 2007 - Municípios#Crescimento Demográfico 2000/2007 - Municípios#Dados da Região Metropolitana#Dados das 36 RMs#Dicionário das 36 RMs;RMvlaDe1.jpg#RMvlaDe2.jpg#RMvlaDe3.jpg#DataMunVLA.xls#DataRmBr08.xls#DicRm08im.pdf;2007;2008-01-01
118;Demografia da RM Vale do Itajaí;Divisão Territorial;Centro de Estudos da Metrópole;Regiões Metropolitanas#RM Vale do Itajaí;Demografia da RM Vale do Itajaí;Mapa (imagem);População total 2007 - Municípios#Densidade Demográfica 2007 - Municípios#Crescimento Demográfico 2000/2007 - Municípios#Dados da Região Metropolitana#Dados das 36 RMs#Dicionário das 36 RMs;RMvliDe1.jpg#RMvliDe2.jpg#RMvliDe3.jpg#DataMunVLI.xls#DataRmBr08.xls#DicRm08im.pdf;2007;2008-01-01
119;Demografia da RM Vitória;Divisão Territorial;Centro de Estudos da Metrópole;Regiões Metropolitanas#RM Vitória;Demografia da RM Vitória;Mapa (imagem);População total 2007 - Municípios#Densidade Demográfica 2007 - Municípios#Crescimento Demográfico 2000/2007 - Municípios#Dados da Região Metropolitana#Dados das 36 RMs#Dicionário das 36 RMs;RMvitDe1.jpg#RMvitDe2.jpg#RMvitDe3.jpg#DataMunVIT.xls#DataRmBr08.xls#DicRm08im.pdf;2007;2008-01-01
120;População total, ano 2000 - Municípios;Demografia;Centro de Estudos da Metrópole;Regiões Metropolitanas#RM São Paulo;População total da Região Metropolitana de São Paulo dividida em municípios, ano 2000;Mapa (imagem);Mapa da População total, ano 2000 - Municípios;RMSPmunDe1.jpg;2000;2008-01-01
121;População total, ano 2007 - Municípios;Demografia;Centro de Estudos da Metrópole;Regiões Metropolitanas#RM São Paulo;População total da Região Metropolitana de São Paulo dividida em municípios, ano 2007;Mapa (imagem);Mapa da População total, ano 2007 - Municípios;RMSPmunDe2.jpg;2007;2008-01-01
122;Densidade demográfica, ano 2000 - Municípios;Demografia;Centro de Estudos da Metrópole;Regiões Metropolitanas#RM São Paulo;Densidade demográfica da Região Metropolitana de São Paulo dividida em municípios, ano 2000;Mapa (imagem);Mapa da Densidade demográfica, ano 2000 - Municípios;RMSPmunDe3.jpg;2000;2008-01-01
123;Densidade demográfica, ano 2007 - Municípios;Demografia;Centro de Estudos da Metrópole;Regiões Metropolitanas#RM São Paulo;Densidade demográfica da Região Metropolitana de São Paulo dividida em municípios, ano 2007;Mapa (imagem);Mapa da Densidade demográfica, ano 2007 - Municípios;RMSPmunDe4.jpg;2007;2008-01-01
124;Crescimento demográfico, ano 91/00 - Municípios;Demografia;Centro de Estudos da Metrópole;Regiões Metropolitanas#RM São Paulo;Crescimento demográfico da Região Metropolitana de São Paulo dividida em municípios, ano 1991/2000;Mapa (imagem);Mapa da Crescimento demográfico, ano 91/00 - Municípios;RMSPmunDe5.jpg;1991/2000;2008-01-01
125;Crescimento demográfico, ano 00/07 - Municípios;Demografia;Centro de Estudos da Metrópole;Regiões Metropolitanas#RM São Paulo;Crescimento demográfico da Região Metropolitana de São Paulo dividida em municípios, ano 2000/2007;Mapa (imagem);Mapa da Crescimento demográfico, ano 00/07 - Municípios;RMSPmunDe6.jpg;2000/2008;2008-01-01
126;População, ano 2000 - Municípios e Subprefeituras;Demografia;Centro de Estudos da Metrópole;Regiões Metropolitanas#RM São Paulo;População da Região Metropolitana de São Paulo dividida em municípios, e com o Município de São Paulo dividida em Subprefeituras, ano 2000;Mapa (imagem);Mapa da População, ano 2000 - Municípios e Subprefeituras;RMSPsubDe1.jpg;2000;2008-01-01
127;Densidade, ano 2000 - Municípios e Subprefeituras;Demografia;Centro de Estudos da Metrópole;Regiões Metropolitanas#RM São Paulo;Densidade da Região Metropolitana de São Paulo dividida em municípios, e com o Município de São Paulo dividida em Subprefeituras, ano 2000;Mapa (imagem);Mapa da Densidade, ano 2000 - Municípios e Subprefeituras;RMSPsubDe2.jpg;2000;2008-01-01
128;Crescimento, ano 91/00 - Municípios e Subprefeituras;Demografia;Centro de Estudos da Metrópole;Regiões Metropolitanas#RM São Paulo;Crescimento demográfico da Região Metropolitana de São Paulo dividida em municípios, e o Município de São Paulo dividido em subprefeituras ano 1991/2000;Mapa (imagem);Mapa da Crescimento, ano 91/00 - Municípios e Subprefeituras;RMSPsubDe3.jpg;1991/2000;2008-01-01
129;População, ano 2000 - Subprefeituras;Demografia;Centro de Estudos da Metrópole;Municípios de São Paulo#São Paulo;População do Município de São Paulo dividida em Subprefeituras, ano 2000;Mapa (imagem);Mapa da População, ano 2000 - Subprefeituras;RMSPsubDe4.jpg;2000;2008-01-01
130;População, ano 2008 - Subprefeituras;Demografia;Centro de Estudos da Metrópole;Municípios de São Paulo#São Paulo;População do Município de São Paulo dividida em Subprefeituras, ano 2008;Mapa (imagem);Mapa da População, ano 2008 - Subprefeituras;RMSPsubDe5.jpg;2008;2008-01-01
131;Densidade Demográfica, ano 2000 - Subprefeituras;Demografia;Centro de Estudos da Metrópole;Municípios de São Paulo#São Paulo;Densidade demográfica do Município de São Paulo dividida em Subprefeituras, ano 2000;Mapa (imagem);Mapa da Densidade Demográfica, ano 2000 - Subprefeituras;RMSPsubDe6.jpg;2000;2008-01-01
132;Densidade Demográfica, ano 2008 - Subprefeituras;Demografia;Centro de Estudos da Metrópole;Municípios de São Paulo#São Paulo;Densidade demográfica do Município de São Paulo dividida em Subprefeituras, ano 2008;Mapa (imagem);Mapa da Densidade Demográfica, ano 2008 - Subprefeituras;RMSPsubDe7.jpg;2008;2008-01-01
133;Crescimento, ano 91/00 - Subprefeituras;Demografia;Centro de Estudos da Metrópole;Municípios de São Paulo#São Paulo;Crescimento do Município de São Paulo, inclui uma divisão em subprefeituras, ano 1991/2000;Mapa (imagem);Mapa da Crescimento, ano 91/00 - Subprefeituras;RMSPsubDe8.jpg;1991/2000;2008-01-01
134;Crescimento, ano 00/08 - Subprefeituras;Demografia;Centro de Estudos da Metrópole;Municípios de São Paulo#São Paulo;Crescimento do Município de São Paulo, inclui uma divisão em subprefeituras, ano 2000/2008;Mapa (imagem);Mapa da Crescimento, ano 00/08 - Subprefeituras;RMSPsubDe9.jpg;2000/2008;2008-01-01
135;População Total, ano 2000 - Distritos;Demografia;Centro de Estudos da Metrópole;Regiões Metropolitanas#RM São Paulo;População total da Região Metropolitana de São Paulo dividida em municípios e distritos, ano 2000;Mapa (imagem);Mapa da População Total, ano 2000 - Distritos;RMSPdisDe1.jpg;2000;2008-01-01
136;Densidade Demográfica, ano 2000 - Distritos;Demografia;Centro de Estudos da Metrópole;Regiões Metropolitanas#RM São Paulo;Densidade demográfica da Região Metropolitana de São Paulo dividida em municípios e distritos, ano 2000;Mapa (imagem);Mapa da Densidade Demográfica, ano 2000 - Distritos;RMSPdisDe2.jpg;2000;2008-01-01
137;Taxa de crescimento, ano 91/00 - Distritos;Demografia;Centro de Estudos da Metrópole;Regiões Metropolitanas#RM São Paulo;Taxa de crescimento da Região Metropolitana de São Paulo dividida em municípios e distritos, ano 1991/2000;Mapa (imagem);Mapa da Taxa de crescimento, ano 91/00 - Distritos;RMSPdisDe3.jpg;1991/2000;2008-01-01
138;População, ano 2000 - Distritos;Demografia;Centro de Estudos da Metrópole;Municípios de São Paulo#São Paulo;População do Município de São Paulo dividida em distritos, ano 2000;Mapa (imagem);Mapa da População, ano 2000 - Distritos;RMSPdisDe4.jpg;2000;2008-01-01
139;População, ano 2008 - Distritos;Demografia;Centro de Estudos da Metrópole;Municípios de São Paulo#São Paulo;População do Município de São Paulo dividida em distritos, ano 2008;Mapa (imagem);Mapa da População, ano 2008 - Distritos;RMSPdisDe5.jpg;2008;2008-01-01
140;Densidade Demográfica, ano 2000 - Distritos;Demografia;Centro de Estudos da Metrópole;Municípios de São Paulo#São Paulo;Densidade demográfica do Município de São Paulo dividida em distritos, ano 2000;Mapa (imagem);Mapa da Densidade Demográfica, ano 2000 - Distritos;RMSPdisDe6.jpg;2000;2008-01-01
141;Densidade Demográfica, ano 2008 - Distritos;Demografia;Centro de Estudos da Metrópole;Municípios de São Paulo#São Paulo;Densidade demográfica do Município de São Paulo dividida em distritos, ano 2008;Mapa (imagem);Mapa da Densidade Demográfica, ano 2008 - Distritos;RMSPdisDe7.jpg;2008;2008-01-01
142;Taxa de crescimento, ano 91/00 - Distritos;Demografia;Centro de Estudos da Metrópole;Municípios de São Paulo#São Paulo;Taxa de crescimento do Município de São Paulo dividida em distritos, ano 1991/2000;Mapa (imagem);Mapa da Taxa de crescimento, ano 91/00 - Distritos;RMSPdisDe8.jpg;1991/2000;2008-01-01
143;Taxa de crescimento, ano 00/08 - Distritos;Demografia;Centro de Estudos da Metrópole;Municípios de São Paulo#São Paulo;Taxa de crescimento do Município de São Paulo dividida em distritos, ano 2000/2008;Mapa (imagem);Mapa da Taxa de crescimento, ano 00/08 - Distritos;RMSPdisDe9.jpg;2000/2008;2008-01-01
144;Municípios da Região Metropolitana de São Paulo;Divisão Territorial;Centro de Estudos da Metrópole;Regiões Metropolitanas#RM São Paulo;Mapa da divisão municipal da Região Metropolitana de São Paulo em 2007;Mapa (imagem);Mapa da divisão municipal da RMSP, ano 2007 (Mudo/sem rotulações dos municípios)#Mapa da divisão municipal da RMSP, ano 2007 (com rotulação numérica dos municípios)#Mapa das sedes e limites municipales em 2007 (rotulação numérica dos municípios)#Mapa dos Municípios, sedes e territórios destacados#Mapa do Ano de fundação dos municípios em alta resolução#Dados RMSP - Municípios#Dicionário RMSP;RMSPmunDT1.jpg#RMSPmunDT2.jpg#RMSPmunDT3.jpg#RMSPmunDT4.jpg#RMSPmunDT5.jpg#DataRMSPmunic.xls#DicRMSP08im.pdf;2007;2008-01-01
145;Subprefeituras do Município de São Paulo na Região Metropolitana de São Paulo;Divisão Territorial;Centro de Estudos da Metrópole;Regiões Metropolitanas#RM São Paulo;Mapa das subprefeituras no Município de São Paulo na Região Metropolitana de São Paulo;Mapa (imagem);Mapa dos Municípios da RMSP e das subprefeituras do Município de São Paulo (Mudo)#Mapa dos Municípios da RMSP e das subprefeituras do Município de São Paulo, com destaque do Município de São Paulo (Mudo)#Dados Subpref - Município SP#Dicionário RMSP;RMSPsubDT1.jpg#RMSPsubDT2.jpg#DataRMSPsubprSAO.xls#DicRMSP08im.pdf;;2008-01-01
146;Subprefeituras do Município de São Paulo;Divisão Territorial;Centro de Estudos da Metrópole;Municípios de São Paulo#São Paulo;Mapa das subprefeituras no Município de São Paulo;Mapa (imagem);Mapa do Município de São Paulo dividido em subprefeituras, ano 2007 (mudo)#Mapa do Município de São Paulo dividido em subprefeituras, ano 2007 (rotulação numérica das subprefeituras)#Mapa do Município de São Paulo dividido em subprefeituras, ano 2007 (rotulação com siglas das subprefeituras)#Dados Subpref - Município SP#Dicionário RMSP;RMSPsubDT3.jpg#RMSPsubDT4.jpg#RMSPsubDT5.jpg#DataRMSPsubprSAO.xls#DicRMSP08im.pdf;;2008-01-01
147;Distritos Administrativos do Município de São Paulo;Divisão Territorial;Centro de Estudos da Metrópole;Regiões Metropolitanas#RM São Paulo;Mapa da divisão distrital da Região Metropolitana de São Paulo;Mapa (imagem);Mapa da Divisão municipal e distrital na Região Metropolitana de São Paulo, ano 2007 (mudo)#Mapa dos municípios com divisão distrital na Região Metropolitana de São Paulo, ano 2007#Dados Distritos - RMSP#Dicionário RMSP;RMSPdisDT1.jpg#RMSPdisDT2.jpg#DataRMSPdistr.xls#DicRMSP08im.pdf;2007;2008-01-01
148;Divisão distrital do Município de São Paulo;Divisão Territorial;Centro de Estudos da Metrópole;Municípios de São Paulo#São Paulo;Mapa da divisão distrital do Município de São Paulo;Mapa (imagem);Mapa da Divisão distrital do Município de São Paulo, ano 2007 (mudo)#Mapa da Divisão distrital do Município de São Paulo, ano 2007 (rotulação numérica dos distritos)#Mapa da Divisão distrital do Município de São Paulo, ano 2007 (rotulação com siglas das subprefeituras)#Dados Distritos - RMSP#Dicionário RMSP;RMSPdisDT3.jpg#RMSPdisDT4.jpg#RMSPdisDT5.jpg#DataRMSPdistr.xls#DicRMSP08im.pdf;2007;2008-01-01
149;Mapas da Eleição municipal de 2000;Eleitoral;Centro de Estudos da Metrópole;Municípios de São Paulo#São Paulo;"Em 2000, 6.119.318 eleitores compareceram aos 1.134 locais de votação da cidade de São Paulo, decidindo assim quem seriam os ocupantes das 55 cadeiras da Câmara Municipal, além de manifestar suas preferências sobre quem seria o novo prefeito da capital.

Para produzir um retrato desse pleito, o Centro de Estudos da Metrópole produziu 91 mapas que mostram a distribuição do voto por local de votação. Estes mapas de referem aos candidatos a prefeitos com mais de 2% dos votos; vereadores eleitos; desempenho total dos partidos com representação na Câmara; votos brancos e nulos; e votos de legenda.

Procuramos atribuir cores diferentes aos partidos com maiores votações, utilizando as mesmas escalas para os candidatos a prefeito e para os vereadores eleitos por esses partidos. Os partidos menores, ou seja, aqueles com até dois vereadores eleitos (PPS, PSB, PDT, PRONA, PSD e PFL), foram classificados em dois grupos – partidos de esquerda e partidos de direita – representados por duas cores.";Mapa (imagem);Tabela resumo da Eleição municipal de 2000#Paulo Maluf (PPB)#Marta Suplicy (PT)#Romeu Tuma (PFL)#Luiza Erundina (PSB)#Geraldo Alckmin (PSDB)#Eneas Carneiro (PRONA)#Votos Brancos para prefeito#Votos Nulos para prefeito#Antonio Erasmo Dias (PPB)#CURIATI (PPB)#WADITH MUTRAN (PPB)#CELSO CARDOSO (PPB)#ESTIMA (PPB)#DISSEI (PPB)#PROF. ELISEU GABRIEL (PDT)#HUMBERTO MARTINS (PDT)#BETO (PT)#LUCILA - PT#CARLOS GIANNAZI - PT#ADRIANO DIOGO - PT#JOSE EDUARDO CARDOZO - PT#ALDAÍZA SPOSATI - PT#NABIL BONDUKI - PT#JOÃO ANTÔNIO - PT#ITALO CARDOSO - PT#VICENTE CÂNDIDO - PT#CARLOS NEDER - PT#LAURINDO - PT#DEVANIR RIBEIRO - PT#ARSELINO TATTO - PT#JOSÉ MENTOR - PT#AUGUSTO CAMPOS - PT#CELSO JATENE - PTB#BISPO ATÍLIO - PTB#PAULO FRANGE - PTB#MYRYAM ATHIE - PMDB#JOOJI HATO - PMDB#JOSE OLIMPIO SILVEIRA - PMDB#GOULART - PMDB#CARLOS APOLINARIO - PMDB#MILTON LEITE - PMDB#PASTOR VANDERLEI DE JESUS - PL#VIVIANI FERRAZ - PL#ANTONIO CARLOS RODRIGUES - PL#DR ROGER LIN - PPS#RAUL CORTEZ - PPS#TONINHO PAIVA - PFL#DR. CALVO - PSB#TONINHO FORÇA SÃO PAULO - PSB#DR FARHAT - PSD#WILLIAM WOO - PSDB#RICARDO MONTORO - PSDB#CARLOS ALBERTO JR - PSDB#DALTON SILVANO - PSBD#TRIPOLI - PSDB#GILSON BARRETO - PSDB#MARCOS ZERBINI - PSDB#GILBERTO NATALINI - PSDB#BARATÃO - PRONA#DRA. HAVANIR - PRONA#ANA MARTINS - PC do B#AMAZONAS PC do B#CLAUDIO FONSECA - PC do B#Total de voto para Vereador do PPB#Total de voto para Vereador do PDT#Total de voto para Vereador do PT#Total de voto para Vereador do PTB#Total de voto para Vereador do PMDB#Total de voto para Vereador do PL#Total de voto para Vereador do PPS#Total de voto para Vereador do PFL#Total de voto para Vereador do PSB#Total de voto para Vereador do PSD#Total de voto para Vereador do PSDB#Total de voto para Vereador do PRONA#Total de voto para Vereador do PC do B#Votos de Legenda PPB#Votos de Legenda PDT#Votos de Legenda PT#Votos de Legenda PTB#Votos de Legenda PMDB#Votos de Legenda PL#Votos de Legenda PPS#Votos de Legenda PFL#Votos de Legenda PSB#Votos de Legenda PSD#Votos de Legenda PSDB#Votos de Legenda PRONA#Votos de Legenda PC do B#Votos Brancos para vereador#VOtos Nulos para vereador;mapas2000.gif#Mapa_PREF_PPB.jpg#Mapa_PREF_PT.jpg#Mapa_PREF_PFL.jpg#Mapa_PREF_PSB.jpg#Mapa_PREF_PSDB.jpg#Mapa_PREF_PRONA.jpg#Mapa_PREF_BCO.jpg#Mapa_PREF_NULO.jpg#mapa11211.jpg#mapa11611.jpg#mapa11624.jpg#mapa11650.jpg#mapa11651.jpg#mapa11696.jpg#mapa12345.jpg#mapa12777.jpg#mapa13112.jpg#mapa13137.jpg#mapa13213.jpg#mapa13601.jpg#mapa13617.jpg#mapa13624.jpg#mapa13633.jpg#mapa13644.jpg#mapa13650.jpg#mapa13651.jpg#mapa13666.jpg#mapa13678.jpg#mapa13690.jpg#mapa13696.jpg#mapa13699.jpg#mapa13789.jpg#mapa14000.jpg#mapa14333.jpg#mapa14444.jpg#mapa15500.jpg#mapa15622.jpg#mapa15633.jpg#mapa15651.jpg#mapa15678.jpg#mapa15685.jpg#mapa22333.jpg#mapa22626.jpg#mapa22678.jpg#mapa23120.jpg#mapa23377.jpg#mapa25611.jpg#mapa40633.jpg#mapa40667.jpg#mapa41888.jpg#mapa45116.jpg#mapa45146.jpg#mapa45321.jpg#mapa45654.jpg#mapa45666.jpg#mapa45678.jpg#mapa45680.jpg#mapa45695.jpg#mapa56123.jpg#mapa56500.jpg#mapa65611.jpg#mapa65640.jpg#mapa65789.jpg#mapa_11.jpg#Mapa_12.jpg#mapa_13.jpg#Mapa_14.jpg#Mapa_15.jpg#mapa_22.jpg#Mapa_23.jpg#mapa_25.jpg#mapa_40.jpg#Mapa_41.jpg#mapa_45.jpg#mapa_56.jpg#Mapa_65.jpg#Mapa_leg_11.jpg#mapa_leg_12.htm#Mapa_leg_13.jpg#mapa_leg_14.jpg#mapa_leg_15.jpg#Mapa_leg_22.j.jpg#mapa_leg_23.jpg#Mapa_leg_25.jpg#Mapa_leg_40.jpg#mapa_leg_41.jpg#Mapa_leg_45.jpg#Mapa_leg_56.jpg#mapa_leg_65.jpg#Mapa_vereador_BCO.jpg#Mapa_vereador_NULO.jpg;2000;2008-01-01
150;Mapas da Eleição municipal de 2004;Eleitoral;Centro de Estudos da Metrópole;Municípios de São Paulo#São Paulo;"No pleito de 2004, os eleitores da cidade de São Paulo se distribuíram em 1.537 locais de votação espalhados por toda a cidade, onde manifestaram suas preferências sobre os ocupantes das 55 cadeiras da Câmara Municipal, além da escolha do novo prefeito da capital.

Foi produzido um total de 88 mapas – contemplando (1) todos os vereadores eleitos; (2) os votos de legenda; o total de votos dos 12 partidos com representação na Câmara; (3) os candidatos a prefeito com mais de 2% dos votos válidos; (4) e os votos brancos e nulos, tanto para a disputa do Executiva, como para a do Legislativo – sendo que cada ponto corresponde a um dos 1.537 locais de votação da cidade. Procuramos atribuir cores diferentes aos partidos com maiores votações, utilizando as mesmas escalas para os candidatos a prefeito e para os vereadores eleitos por esses partidos.";Mapa (imagem);Tabela resumo da Eleição municipal de 2004#CANDIDATO PAULOMALUF (PP)#CANDIDATA MARTA (PT)#CANDIDATA LUIZA ERUNDINA (PSB)#CANDIDATO JOSÉ SERRA (PSDB)#VOTOS BRANCOS PARA PREFEITO#VOTOS NULOS PARA PREFEITO#RUSSOMANNO - PP#JORGE BORGES - PP#AGNALDO TIMOTEO - PP#WADIH MUTRAN - PP#CARLOS APOLINÁRIO - PDT#CLAUDIO PRADO - PDT#JOSE AMERICO - PT#SONINHA - PT#BETO CUSTODIO - PT#CHICO MACENA - PT#JOSE FERREIRA(ZELAO) - PT#PAULO TEIXEIRA NOVO - PT#CARLOS GIANNAZI - PT#JOAO ANTONIO - PT#PAULO FIORILO - PT#ARSELINO TATTO - PT#DONATO - PT#CLAUDETE ALVES - PT#FRANCISCO CHAGAS - PT#CELSO JATENE - PTB#DR MARIO DIAS - PTB#ADILSON AMADEU - PTB#BISPO ATILIO FRANCISCO - PTB#MARTA COSTA - PTB#PAULO FRANGE - PTB#DR FARHAT - PTB#JORGE TADEU - PMDB#JOOJI HATO - PMDB#ANTONIO GOULART - PMDB#MILTON LEITE - PMDB#TONINHO PAIVA - PL#ANTÔNIO CARLOS RODRIGUES - PL#AURÉLIO MIGUEL - PL#EDIVALDO ESTIMA - PPS#MYRYAM ATHIE - PPS#DOMINGOS DISSEI - PFL#KAMIA - PFL#NOEMI NONATO - PSB#ABOU ANNI - PV#AURELIO NOMURA - PV#BISPA LENICE - PSDB#NETINHO - JOSE POLICE NETO - PSDB#WILLIAM WOO - PSDB#JUSCELINO -PSDB#CLAUDINHO - PSDB#ADOLFO QUINTAS - PSDB#CARLOS ALBERTO JR - PSDB#RICARDO MONTORO - PSDB#JOSE ANIBAL - PSDB#DALTON SILVANO - PSBD#TRIPOLI - PSDB#GILSON BARRETO - PSDB#MARCOS ZERBINI - PSDB#NATALINI - PSDB#ADEMIR DA GUIA - PC do B#Total de votos para Vereador do PP#Total de votos para Vereador do PDT#Total de votos para Vereador do PT#Total de votos para Vereador do PTB#Total de votos para Vereador do PMDB#Total de votos para Vereador do PL#Total de votos para Vereador do PPS#Total de votos para Vereador do PFL#Total de votos para Vereador do PSB#Total de votos para Vereador do PV#Total de votos para Vereador do PSBD#Total de votos para Vereador do PC do B#Votos de Legenda do PP#Votos de Legenda do PDT#Votos de Legenda do PT#Votos de Legenda do PTB#Votos de Legenda do PMDB#Votos de Legenda do PL#Votos de Legenda do PPS#Votos de Legenda do PFL#Votos de Legenda do PSB#Votos de Legenda do PV#Votos de Legenda do PSDB#Votos de Legenda do PC do B#VOTOS BRANCOS PARA VEREADOR#VOTOS NULOS PARA VEREADOR;mapas2004.jpg#Map_11Prefeito.jpg#Map_13Prefeito.jpg#Map_40Prefeito.jpg#Map_45Prefeito.jpg#Map_BrancosPref.jpg#Map_NulosPref.jpg#Map_11111.jpg#Map_11116.jpg#Map_11122.jpg#Map_11624.jpg#Map_12012.jpg#Map_12345.jpg#Map_13100.jpg#Map_13108.jpg#Map_13112.jpg#Map_13123.jpg#Map_13133.jpg#errado.jpg#Map_13213.jpg#Map_13644.jpg#Map_13690.jpg#Map_13696.jpg#Map_13700.jpg#Map_13777.jpg#Map_13900.jpg#Map_14000.jpg#Map_14100.jpg#Map_14200.jpg#Map_14333.jpg#Map_14400.jpg#Map_14444.jpg#Map_14888.jpg#Map_15000.jpg#Map_15622.jpg#Map_15651.jpg#Map_15685.jpg#Map_22611.jpg#Map_22678.jpg#Map_22888.jpg#Map_23023.jpg#Map_23500.jpg#Map_25200.jpg#Map_25699.jpg#Map_40401.jpg#Map_43010.jpg#Map_43333.jpg#Map_43434.jpg#Map_45000.jpg#Map_45116.jpg#Map_45133.jpg#Map_45157.jpg#Map_45222.jpg#Map_45321.jpg#Map_45444.jpg#Map_45451.jpg#Map_45654.jpg#Map_45666.jpg#Map_45654.jpg#Map_45680.jpg#Map_45695.jpg#Map_65010.jpg#Map_11Total.jpg#Map_12Total.jpg#Map_14Total.jpg#Map_15Total.jpg#Map_15Total.jpg#Map_22Total.jpg#Map_15Total.jpg#Map_25Total.jpg#Map_40Total.jpg#Map_43Total.jpg#Map_45Total.jpg#Map_65Total.jpg#Map_11Legenda.jpg#Map_12Total.jpg#Map_13Legenda.jpg#Map_14Legenda.jpg#Map_15Legenda.jpg#Map_22Legenda.jpg#Map_23Legenda.jpg#Map_25Legenda.jpg#Map_40Legenda.jpg#Map_43Legenda.jpg#Map_45Legenda.jpg#Map_65Legenda.jpg#Map_BrancosVer.jpg#Map_NulosVer.jpg;2004;2008-01-01
151;Mapas da Eleição municipal de 2008;Eleitoral;Centro de Estudos da Metrópole;Municípios de São Paulo#São Paulo;"Nas eleições municipais de 2008, quase 7 milhões de eleitores compareceram no primeiro turno aos 1,7 mil locais de votação da cidade de São Paulo para manifestar suas preferências sobre quem seria o novo prefeito da capital, assim como eleger os ocupantes das 55 cadeiras da Câmara dos Vereadores.

Foram 11 candidatos a disputar o primeiro turno para prefeito nesta eleição, e para cada um está disponível o mapa de votação, além dos mapas do segundo turno. Quanto ao pleito legislativo, estão disponíveis os mapas de todos os vereadores eleitos, assim como os mapas dos votos de legenda e do desempenho total (votos de legenda + votos nominais) para os partidos que chegaram a eleger algum vereador na referida eleição. Ademais, encontram-se também os mapas dos votos brancos e nulos para todos os pleitos. Tudo isso totalizou 102 mapas eleitorais.";Mapa (imagem);Tabela resumo da Eleição municipal de 2008#Notas Metodológicas#[Prefeito] Gilberto Kassab (DEM) PMDB / PSC / PR / DEM / PV / PRP#[Prefeito] Marta Teresa Suplicy (PT) PRB / PDT / PT / PTN / PSB / PC do B#[Prefeito] Geraldo Jose Rodrigues Alckmin Filho (PSDB) PTB / PSL / PSDC / PHS / PSDB#[Prefeito] Paulo Salim Maluf (PP) PP#[Prefeito] Sonia Francine Gaspar Marmo (PPS) PPS#[Prefeito] Ivan Valente (PSOL) PSTU / PSOL#[Prefeito] Ruy Renato Reichmann (PMN) PMN#[Prefeito] José Levy Fidelix da Cruz (PRTB) PRTB#[Prefeito] Edmilson Silva Costa (PCB) PCB#[Prefeito] Ciro Tiziani Moura (PTC) PTC / PT do B#[Prefeito] Anai Caproni Pinto (PCO) PCO#[Prefeito] Votos Brancos#[Prefeito] Votos Nulos#[Prefeito] Gilberto Kassab (DEM) PMDB / PSC / PR / DEM / PV / PRP#[Prefeito] Marta Teresa Suplicy (PT) PRB / PDT / PT / PTN / PSB / PC do B#[Prefeito] Votos Brancos#[Prefeito] Votos Nulos#[Vereador] Atilio Francisco Da Silva (PRB) PRB / PT / PSB / PC do B#[Vereador] Jose Olimpio Silveira Moraes (PP) PP#[Vereador] Wadih Jorge Mutran (PP) PP#[Vereador] Cláudio Do Prado Nogueira (PDT) PDT#[Vereador] Jose Americo Ascencio Dias (PT) PRB / PT / PSB / PC do B#[Vereador] Alfredo Alves Cavalcante (PT) PRB / PT / PSB / PC do B#[Vereador] Francisco Macena Da Silva (PT) PRB / PT / PSB / PC do B#[Vereador] Jose Ferreira Dos Santos (PT) PRB / PT / PSB / PC do B#[Vereador] Juliana Cardoso (PT) PRB / PT / PSB / PC do B#[Vereador] Joao Antonio Da Silva Filho (PT) PRB / PT / PSB / PC do B#[Vereador] Italo Cardoso Araujo (PT) PRB / PT / PSB / PC do B#[Vereador] arselino Roque Tatto (PT) PRB / PT / PSB / PC do B#[Vereador] Antonio Donato Madormo (PT) PRB / PT / PSB / PC do B#[Vereador] Senival Pereira De Moura (PT) PRB / PT / PSB / PC do B#[Vereador] Francisco Das Chagas Francilino (PT) PRB / PT / PSB / PC do B#[Vereador] Celso Do Carmo Jatene (PTB) PTB#[Vereador] Adilson Armando Carvalho Amadeu (PTB) PTB#[Vereador] Paulo Jesus Frange (PTB) PTB#[Vereador] Jooji Hato (PMDB) PMDB / PR / DEM#[Vereador] Antonio Goulart Dos Reis (PMDB) PMDB / PR / DEM#[Vereador] Marcelo Theodoro De Aguiar (PSC) PSC / PRP#[Vereador] Aguinaldo Timotheo Pereira (PR) PMDB / PR / DEM#[Vereador] Marcos Cintra Cavalcanti De Albuquerque (PR) PMDB / PR / DEM#[Vereador] Antonio De Paiva Monteiro Filho (PR) PMDB / PR / DEM#[Vereador] Antonio Carlos Rodrigues (PR) PMDB / PR / DEM#[Vereador] Aurelio Fernandez Miguel (PR) PMDB / PR / DEM#[Vereador] Claudio Gomes Fonseca (PPS) PPS#[Vereador] Milton Ferreira Da Silva (PPS) PPS#[Vereador] Sandra Regina Carbone Tadeu Mudalen (DEM) PMDB / PR / DEM#[Vereador] Marco Aurelio De Almeida Cunha (DEM) PMDB / PR / DEM#[Vereador] Carlos Alberto Eugenio Apolinario (DEM) PMDB / PR / DEM#[Vereador] Domingos Odone Dissei (DEM) PMDB / PR / DEM#[Vereador] Milton Leite Da Silva (DEM) PMDB / PR / DEM#[Vereador] Marta Maria Freire Da Costa (DEM) PMDB / PR / DEM#[Vereador] Ushitaro Kamia (DEM) PMDB / PR / DEM#[Vereador] Eliseu Gabriel De Pieri (PSB) PRB / PT / PSB / PC do B#[Vereador] Noemi Pereira Nonato Cavalcante (PSB) PRB / PT / PSB / PC do B#[Vereador] Paulo Sergio Abou Anni (PV) PV#[Vereador] Jose Luiz De França Penna (PV) PV#[Vereador] Jose Roberto Nazello De Alvarenga Tripoli (PV) PV#[Vereador] José Police Neto (PSDB) PHS / PSDB#[Vereador] Juscelino José Ataliba Antonio Gadelha (PSDB) PHS / PSDB#[Vereador] Cláudio Roberto Barbosa De Souza (PSDB) PHS / PSDB#[Vereador] Mara Cristina Gabrilli (PSDB) PHS / PSDB#[Vereador] Ricardo Teixeira (PSDB) PHS / PSDB#[Vereador] Adolfo Quintas Gonçalves Neto (PSDB) PHS / PSDB#[Vereador] Carlos Alberto De Quadros Bezerra Júnior (PSDB) PHS / PSDB#[Vereador] Antonio Floriano Pereira Pesaro (PSDB) PHS / PSDB#[Vereador] Gabriel Benedito Issaac Chalita (PSDB) PHS / PSDB#[Vereador] Dalton Silvano Do Amaral (PSDB) PHS / PSDB#[Vereador] Gilson Almeida Barreto (PSDB) PHS / PSDB#[Vereador] Gilberto Tanos Natalini (PSDB) PHS / PSDB#[Vereador] Jose Souza Dos Santos (PSDB) PHS / PSDB#[Vereador] Jose De Paula Neto (PC do B) PRB / PT / PSB / PC do B#[Vereador] Jamil Murad (PC do B) PRB / PT / PSB / PC do B#[Vereador] Votos de Legenda PRB#[Vereador] Votos de Legenda PP#[Vereador] Votos de Legenda PDT#[Vereador] Votos de Legenda PT#[Vereador] Votos de Legenda PTB#[Vereador] Votos de Legenda PMDB#[Vereador] Votos de Legenda PSC#[Vereador] Votos de Legenda PR#[Vereador] Votos de Legenda PPS#[Vereador] Votos de Legenda DEM#[Vereador] Votos de Legenda PSB#[Vereador] Votos de Legenda PV#[Vereador] Votos de Legenda PSDB#[Vereador] Votos de Legenda PC do B#[Vereador] Total de votos do PRB#[Vereador] Total de votos do PP#[Vereador] Total de votos do PDT#[Vereador] Total de votos do PT#[Vereador] Total de votos do PTB#[Vereador] Total de votos do PMDB#[Vereador] Total de votos do PSC#[Vereador] Total de votos do PR#[Vereador] Total de votos do PPS#[Vereador] Total de votos do DEM#[Vereador] Total de votos do PSB#[Vereador] Total de votos do PV#[Vereador] Total de votos do PSDB#[Vereador] Total de votos do PC do B#[Vereador] Votos Brancos#[Vereador] Votos Nulos;837-tabelamapaseleitorais2008cem_atual_c.pdf#mapas_eleitorais_de_2008_notas_metodologicas.pdf#COD1.jpg#COD2.jpg#COD3.jpg#COD4.jpg#COD5.jpg#COD6.jpg#COD7.jpg#COD8.jpg#COD9.jpg#COD10.jpg#COD11.jpg#COD12.jpg#COD13.jpg#COD14.jpg#COD15.jpg#COD16.jpg#COD17.jpg#COD18.jpg#COD19.jpg#COD20.jpg#COD21.jpg#COD22.jpg#COD23.jpg#COD24.jpg#COD25.jpg#COD26.jpg#COD27.jpg#COD28.jpg#COD29.jpg#COD30.jpg#COD31.jpg#COD32.jpg#COD33.jpg#COD34.jpg#COD35.jpg#COD36.jpg#COD37.jpg#COD38.jpg#COD39.jpg#COD40.jpg#COD41.jpg#COD42.jpg#COD43.jpg#COD44.jpg#COD45.jpg#COD46.jpg#COD47.jpg#COD48.jpg#COD49.jpg#COD50.jpg#COD51.jpg#COD52.jpg#COD53.jpg#COD54.jpg#COD55.jpg#COD56.jpg#COD57.jpg#COD58.jpg#COD59.jpg#COD60.jpg#COD61.jpg#COD62.jpg#COD63.jpg#COD64.jpg#COD65.jpg#COD66.jpg#COD67.jpg#COD68.jpg#COD69.jpg#COD70.jpg#COD71.jpg#COD72.jpg#COD73.jpg#COD74.jpg#COD75.jpg#COD76.jpg#COD77.jpg#COD78.jpg#COD79.jpg#COD80.jpg#COD81.jpg#COD82.jpg#COD83.jpg#COD84.jpg#COD85.jpg#COD86.jpg#COD87.jpg#COD88.jpg#COD89.jpg#COD90.jpg#COD91.jpg#COD92.jpg#COD93.jpg#COD94.jpg#COD95.jpg#COD96.jpg#COD97.jpg#COD98.jpg#COD99.jpg#COD100.jpg#COD101.jpg#COD102.jpg;2008;2008-01-01
